,xy,yz,xz
0,"[[ 0.0493608   0.0176669 ]
 [ 0.0796875  -0.08632813]
 [ 0.08359375 -0.03945313]
 [ 0.0875      0.0171875 ]
 [ 0.09140625  0.0640625 ]
 [ 0.05131392  0.07430753]
 [-0.0053267   0.00594815]
 [ 0.10795455  0.04696378]
 [ 0.05522017  0.1036044 ]
 [ 0.05131392  0.04696378]]","[[ 0.0176669   0.14772727]
 [-0.08632813  0.16103516]
 [-0.03945313  0.15712891]
 [ 0.0171875   0.05947266]
 [ 0.0640625   0.05166016]
 [ 0.07430753  0.1028054 ]
 [ 0.00594815  0.2121804 ]
 [ 0.04696378  0.21413352]
 [ 0.1036044   0.19460227]
 [ 0.04696378  0.2278054 ]]","[[ 0.0493608   0.14772727]
 [ 0.0796875   0.16103516]
 [ 0.08359375  0.15712891]
 [ 0.0875      0.05947266]
 [ 0.09140625  0.05166016]
 [ 0.05131392  0.1028054 ]
 [-0.0053267   0.2121804 ]
 [ 0.10795455  0.21413352]
 [ 0.05522017  0.19460227]
 [ 0.05131392  0.2278054 ]]"
1,"[[ 0.00824653  0.00824653]
 [ 0.00497159 -0.02636719]
 [ 0.0062934  -0.05425347]
 [ 0.00824653 -0.00542535]
 [ 0.01019965  0.0453559 ]
 [-0.05230035  0.10394965]
 [ 0.06293403 -0.09331597]
 [ 0.06488715 -0.04253472]
 [ 0.01019965  0.05707465]
 [ 0.00692472  0.02050781]
 [-0.04971591  0.07128906]]","[[ 0.00824653 -0.04578993]
 [-0.02636719 -0.07466264]
 [-0.05425347 -0.14930556]
 [-0.00542535 -0.14735243]
 [ 0.0453559  -0.11610243]
 [ 0.10394965 -0.03797743]
 [-0.09331597 -0.07703993]
 [-0.04253472 -0.04188368]
 [ 0.05707465 -0.02235243]
 [ 0.02050781 -0.04536577]
 [ 0.07128906 -0.02583452]]","[[ 0.00824653 -0.04578993]
 [ 0.00497159 -0.07466264]
 [ 0.0062934  -0.14930556]
 [ 0.00824653 -0.14735243]
 [ 0.01019965 -0.11610243]
 [-0.05230035 -0.03797743]
 [ 0.06293403 -0.07703993]
 [ 0.06488715 -0.04188368]
 [ 0.01019965 -0.02235243]
 [ 0.00692472 -0.04536577]
 [-0.04971591 -0.02583452]]"
