,xy,yz,xz
0,"[[-0.01004464 -0.05217634]
 [ 0.03027344  0.01367188]
 [-0.00809152 -0.01116071]
 [-0.03613281 -0.02050781]
 [-0.00878906  0.02441406]
 [-0.00683594 -0.01269531]
 [ 0.05175781  0.00878906]
 [ 0.02734375 -0.01953125]
 [-0.03027344 -0.01367188]
 [ 0.02018229 -0.01106771]]","[[-0.05217634  0.0078125 ]
 [ 0.01367188  0.03027344]
 [-0.01116071  0.04882812]
 [-0.02050781  0.0546875 ]
 [ 0.02441406  0.046875  ]
 [-0.01269531 -0.03710938]
 [ 0.00878906 -0.06445312]
 [-0.01953125  0.10644531]
 [-0.01367188 -0.03027344]
 [-0.01106771  0.08919271]]","[[-0.01004464  0.0078125 ]
 [ 0.03027344  0.03027344]
 [-0.00809152  0.04882812]
 [-0.03613281  0.0546875 ]
 [-0.00878906  0.046875  ]
 [-0.00683594 -0.03710938]
 [ 0.05175781 -0.06445312]
 [ 0.02734375  0.10644531]
 [-0.03027344 -0.03027344]
 [ 0.02018229  0.08919271]]"
1,"[[-0.04394531 -0.05126953]
 [-0.02832031  0.02246094]
 [-0.04394531 -0.02001953]
 [ 0.02832031 -0.02246094]
 [-0.01822917 -0.02018229]
 [-0.01822917  0.03450521]
 [ 0.03645833 -0.01432292]
 [-0.0703125  -0.07519531]
 [-0.01367188 -0.02832031]
 [-0.00976562  0.01855469]
 [-0.01367188 -0.02832031]]","[[-0.05126953  0.05810547]
 [ 0.02246094  0.01757812]
 [-0.02001953  0.12451172]
 [-0.02246094 -0.01757812]
 [-0.02018229  0.09375   ]
 [ 0.03450521 -0.01953125]
 [-0.01432292 -0.07421875]
 [-0.07519531  0.09667969]
 [-0.02832031 -0.02441406]
 [ 0.01855469  0.00097656]
 [-0.02832031 -0.05371094]]","[[-0.04394531  0.05810547]
 [-0.02832031  0.01757812]
 [-0.04394531  0.12451172]
 [ 0.02832031 -0.01757812]
 [-0.01822917  0.09375   ]
 [-0.01822917 -0.01953125]
 [ 0.03645833 -0.07421875]
 [-0.0703125   0.09667969]
 [-0.01367188 -0.02441406]
 [-0.00976562  0.00097656]
 [-0.01367188 -0.05371094]]"
