,xy,yz,xz
0,"[[ 0.          0.        ]
 [-0.01416016 -0.02050781]
 [-0.01416016 -0.02050781]
 [-0.01416016 -0.02050781]
 [ 0.04052734 -0.02441406]
 [-0.07080078  0.02636719]
 [ 0.04443359  0.01855469]
 [ 0.04052734 -0.02441406]
 [-0.07080078  0.02636719]
 [ 0.04443359  0.01855469]
 [ 0.04052734 -0.02441406]
 [-0.07080078  0.02636719]
 [ 0.04443359  0.01855469]
 [ 0.         -0.02083333]]","[[ 0.          0.        ]
 [-0.02050781  0.02392578]
 [-0.02050781  0.02392578]
 [-0.02050781  0.02392578]
 [-0.02441406  0.08642578]
 [ 0.02636719 -0.02099609]
 [ 0.01855469 -0.08935547]
 [-0.02441406  0.08642578]
 [ 0.02636719 -0.02099609]
 [ 0.01855469 -0.08935547]
 [-0.02441406  0.08642578]
 [ 0.02636719 -0.02099609]
 [ 0.01855469 -0.08935547]
 [-0.02083333  0.13997396]]","[[ 0.          0.        ]
 [-0.01416016  0.02392578]
 [-0.01416016  0.02392578]
 [-0.01416016  0.02392578]
 [ 0.04052734  0.08642578]
 [-0.07080078 -0.02099609]
 [ 0.04443359 -0.08935547]
 [ 0.04052734  0.08642578]
 [-0.07080078 -0.02099609]
 [ 0.04443359 -0.08935547]
 [ 0.04052734  0.08642578]
 [-0.07080078 -0.02099609]
 [ 0.04443359 -0.08935547]
 [ 0.          0.13997396]]"
1,"[[ 0.         -0.01757812]
 [ 0.          0.01757812]
 [ 0.01464844  0.01171875]
 [-0.01054687  0.034375  ]
 [ 0.04414063 -0.00078125]
 [ 0.         -0.04752604]
 [ 0.          0.00130208]
 [-0.04199219 -0.04296875]
 [ 0.01269531 -0.0078125 ]
 [ 0.01464844  0.0390625 ]
 [-0.0125     -0.06914062]
 [-0.01054687 -0.03007812]
 [ 0.          0.04622396]]","[[-0.01757812 -0.0390625 ]
 [ 0.01757812  0.0390625 ]
 [ 0.01171875  0.07324219]
 [ 0.034375    0.05      ]
 [-0.00078125 -0.04179688]
 [-0.04752604  0.06380208]
 [ 0.00130208  0.06380208]
 [-0.04296875  0.11035156]
 [-0.0078125  -0.09472656]
 [ 0.0390625  -0.08886719]
 [-0.06914062  0.08320312]
 [-0.03007812  0.12226562]
 [ 0.04622396 -0.12760417]]","[[ 0.         -0.0390625 ]
 [ 0.          0.0390625 ]
 [ 0.01464844  0.07324219]
 [-0.01054687  0.05      ]
 [ 0.04414063 -0.04179688]
 [ 0.          0.06380208]
 [ 0.          0.06380208]
 [-0.04199219  0.11035156]
 [ 0.01269531 -0.09472656]
 [ 0.01464844 -0.08886719]
 [-0.0125      0.08320312]
 [-0.01054687  0.12226562]
 [ 0.         -0.12760417]]"
