,xy,yz,xz
0,"[[ 0.02197266 -0.00048828]
 [-0.03662109  0.01318359]
 [ 0.02197266 -0.00048828]
 [-0.03662109  0.01318359]
 [ 0.          0.        ]
 [-0.00732422 -0.05322266]
 [ 0.02197266  0.04052734]
 [-0.00732422 -0.05322266]
 [ 0.02197266  0.04052734]
 [-0.08105469  0.01220703]
 [ 0.03808594 -0.04248047]
 [ 0.03613281 -0.03857422]
 [ 0.00683594  0.06884766]]","[[-0.00048828  0.04785156]
 [ 0.01318359 -0.03417969]
 [-0.00048828  0.04785156]
 [ 0.01318359 -0.03417969]
 [ 0.          0.        ]
 [-0.05322266  0.07128906]
 [ 0.04052734 -0.08496094]
 [-0.05322266  0.07128906]
 [ 0.04052734 -0.08496094]
 [ 0.01220703  0.06982422]
 [-0.04248047  0.10498047]
 [-0.03857422 -0.05517578]
 [ 0.06884766 -0.11962891]]","[[ 0.02197266  0.04785156]
 [-0.03662109 -0.03417969]
 [ 0.02197266  0.04785156]
 [-0.03662109 -0.03417969]
 [ 0.          0.        ]
 [-0.00732422  0.07128906]
 [ 0.02197266 -0.08496094]
 [-0.00732422  0.07128906]
 [ 0.02197266 -0.08496094]
 [-0.08105469  0.06982422]
 [ 0.03808594  0.10498047]
 [ 0.03613281 -0.05517578]
 [ 0.00683594 -0.11962891]]"
1,"[[0.63452888 0.1953125 ]
 [0.67163826 0.21875   ]
 [0.59546638 0.17382812]
 [0.63452888 0.21679688]
 [0.67163826 0.24023438]
 [0.71070076 0.25390625]
 [0.56812263 0.27148438]
 [0.67163826 0.20898438]
 [0.59546638 0.18164062]
 [0.71070076 0.24609375]
 [0.59546638 0.1796875 ]]","[[ 0.1953125  -0.85836884]
 [ 0.21875    -0.87985322]
 [ 0.17382812 -0.83102509]
 [ 0.21679688 -0.75290009]
 [ 0.24023438 -0.77243134]
 [ 0.25390625 -0.84860322]
 [ 0.27148438 -0.91500947]
 [ 0.20898438 -0.92086884]
 [ 0.18164062 -0.79391572]
 [ 0.24609375 -0.88766572]
 [ 0.1796875  -0.80758759]]","[[ 0.63452888 -0.85836884]
 [ 0.67163826 -0.87985322]
 [ 0.59546638 -0.83102509]
 [ 0.63452888 -0.75290009]
 [ 0.67163826 -0.77243134]
 [ 0.71070076 -0.84860322]
 [ 0.56812263 -0.91500947]
 [ 0.67163826 -0.92086884]
 [ 0.59546638 -0.79391572]
 [ 0.71070076 -0.88766572]
 [ 0.59546638 -0.80758759]]"
