,xy,yz,xz
0,"[[ 0.          0.        ]
 [ 0.          0.        ]
 [ 0.          0.01757812]
 [ 0.          0.        ]
 [-0.01464844  0.02685547]
 [-0.01464844 -0.02001953]
 [-0.01464844  0.02685547]
 [-0.01464844 -0.02001953]
 [ 0.         -0.03515625]
 [ 0.          0.01757812]]","[[ 0.          0.        ]
 [ 0.          0.        ]
 [ 0.01757812 -0.00260417]
 [ 0.          0.        ]
 [ 0.02685547  0.04052734]
 [-0.02001953 -0.04345703]
 [ 0.02685547  0.04052734]
 [-0.02001953 -0.04345703]
 [-0.03515625  0.10481771]
 [ 0.01757812 -0.10221354]]","[[ 0.          0.        ]
 [ 0.          0.        ]
 [ 0.         -0.00260417]
 [ 0.          0.        ]
 [-0.01464844  0.04052734]
 [-0.01464844 -0.04345703]
 [-0.01464844  0.04052734]
 [-0.01464844 -0.04345703]
 [ 0.          0.10481771]
 [ 0.         -0.10221354]]"
1,"[[ 0.01533203  0.04267578]
 [ 0.01728516  0.08759766]
 [-0.07038762 -0.00623498]
 [-0.0684345   0.04064002]
 [-0.00788762  0.08360877]
 [-0.0684345   0.04064002]
 [-0.00788762  0.08360877]
 [-0.06452825  0.08751502]
 [ 0.01337891 -0.00615234]
 [ 0.09953425  0.0230619 ]
 [ 0.10539363  0.0699369 ]
 [-0.12507512 -0.00428185]
 [-0.00398137  0.12853065]
 [-0.17976262 -0.00232873]
 [-0.123122    0.04454627]
 [-0.12116887  0.13634315]]","[[ 0.04267578 -0.03652344]
 [ 0.08759766 -0.05996094]
 [-0.00623498 -0.03988882]
 [ 0.04064002  0.0089393 ]
 [ 0.08360877  0.0167518 ]
 [ 0.04064002 -0.07504507]
 [ 0.08360877 -0.04184195]
 [ 0.08751502  0.03042368]
 [-0.00615234 -0.05996094]
 [ 0.0230619  -0.04379507]
 [ 0.0699369  -0.01254507]
 [-0.00428185 -0.10238882]
 [ 0.12853065  0.03042368]
 [-0.00232873 -0.00277945]
 [ 0.04454627 -0.06332632]
 [ 0.13634315  0.03823618]]","[[ 0.01533203 -0.03652344]
 [ 0.01728516 -0.05996094]
 [-0.07038762 -0.03988882]
 [-0.0684345   0.0089393 ]
 [-0.00788762  0.0167518 ]
 [-0.0684345  -0.07504507]
 [-0.00788762 -0.04184195]
 [-0.06452825  0.03042368]
 [ 0.01337891 -0.05996094]
 [ 0.09953425 -0.04379507]
 [ 0.10539363 -0.01254507]
 [-0.12507512 -0.10238882]
 [-0.00398137  0.03042368]
 [-0.17976262 -0.00277945]
 [-0.123122   -0.06332632]
 [-0.12116887  0.03823618]]"
