,xy,yz,xz
0,"[[ 0.00065104  0.00976562]
 [ 0.          0.        ]
 [ 0.00097656  0.02539062]
 [ 0.00097656  0.01269531]
 [-0.00097656 -0.00292969]
 [ 0.00097656  0.04003906]
 [-0.00130208 -0.05078125]
 [ 0.00065104  0.04101562]
 [-0.00244141 -0.05908203]
 [-0.00048828 -0.00830078]
 [ 0.00341797  0.04638672]
 [-0.00048828  0.02099609]]","[[ 0.00976562 -0.04427083]
 [ 0.          0.        ]
 [ 0.02539062 -0.12109375]
 [ 0.01269531  0.10107422]
 [-0.00292969 -0.16455078]
 [ 0.04003906 -0.10400391]
 [-0.05078125  0.01041667]
 [ 0.04101562  0.03385417]
 [-0.05908203  0.05371094]
 [-0.00830078  0.04003906]
 [ 0.04638672  0.01660156]
 [ 0.02099609 -0.11035156]]","[[ 0.00065104 -0.04427083]
 [ 0.          0.        ]
 [ 0.00097656 -0.12109375]
 [ 0.00097656  0.10107422]
 [-0.00097656 -0.16455078]
 [ 0.00097656 -0.10400391]
 [-0.00130208  0.01041667]
 [ 0.00065104  0.03385417]
 [-0.00244141  0.05371094]
 [-0.00048828  0.04003906]
 [ 0.00341797  0.01660156]
 [-0.00048828 -0.11035156]]"
