,xy,yz,xz
0,"[[-0.00097656  0.02539062]
 [ 0.00097656 -0.00976562]
 [-0.00097656  0.02539062]
 [ 0.00097656 -0.00976562]
 [-0.00097656  0.02539062]
 [ 0.00097656 -0.00976562]
 [-0.04394531 -0.01513672]
 [ 0.01464844 -0.00341797]
 [ 0.00097656 -0.07421875]
 [-0.00097656  0.05859375]
 [ 0.00097656 -0.07421875]
 [-0.00097656  0.05859375]
 [ 0.00097656 -0.07421875]
 [-0.00097656  0.05859375]]","[[ 0.02539062  0.02783203]
 [-0.00976562 -0.05224609]
 [ 0.02539062  0.02783203]
 [-0.00976562 -0.05224609]
 [ 0.02539062  0.02783203]
 [-0.00976562 -0.05224609]
 [-0.01513672  0.04736328]
 [-0.00341797  0.05712891]
 [-0.07421875  0.09423828]
 [ 0.05859375 -0.06982422]
 [-0.07421875  0.09423828]
 [ 0.05859375 -0.06982422]
 [-0.07421875  0.09423828]
 [ 0.05859375 -0.06982422]]","[[-0.00097656  0.02783203]
 [ 0.00097656 -0.05224609]
 [-0.00097656  0.02783203]
 [ 0.00097656 -0.05224609]
 [-0.00097656  0.02783203]
 [ 0.00097656 -0.05224609]
 [-0.04394531  0.04736328]
 [ 0.01464844  0.05712891]
 [ 0.00097656  0.09423828]
 [-0.00097656 -0.06982422]
 [ 0.00097656  0.09423828]
 [-0.00097656 -0.06982422]
 [ 0.00097656  0.09423828]
 [-0.00097656 -0.06982422]]"
1,"[[-0.01367188 -0.01953125]
 [-0.01367188 -0.01953125]
 [-0.01367188  0.01953125]
 [-0.01367188  0.01953125]
 [-0.01367188  0.01953125]
 [-0.01367188  0.01953125]
 [-0.07682292 -0.02799479]
 [ 0.03841146  0.00325521]
 [ 0.03841146  0.02473958]
 [-0.05598958  0.02278646]]","[[-0.01953125 -0.00585938]
 [-0.01953125 -0.00585938]
 [ 0.01953125  0.09179688]
 [ 0.01953125  0.08007812]
 [ 0.01953125  0.09179688]
 [ 0.01953125  0.08007812]
 [-0.02799479 -0.00195312]
 [ 0.00325521  0.08398438]
 [ 0.02473958 -0.08203125]
 [ 0.02278646  0.00195312]]","[[-0.01367188 -0.00585938]
 [-0.01367188 -0.00585938]
 [-0.01367188  0.09179688]
 [-0.01367188  0.08007812]
 [-0.01367188  0.09179688]
 [-0.01367188  0.08007812]
 [-0.07682292 -0.00195312]
 [ 0.03841146  0.08398438]
 [ 0.03841146 -0.08203125]
 [-0.05598958  0.00195312]]"
