,xy,yz,xz
0,"[[ 0.          0.        ]
 [-0.05989583  0.00520833]
 [-0.00130208  0.03645833]
 [ 0.          0.        ]
 [ 0.          0.        ]
 [ 0.02978516 -0.01367188]
 [ 0.02978516 -0.01367188]
 [ 0.06119792 -0.04166667]
 [ 0.00048828 -0.05859375]
 [-0.02880859  0.01757812]
 [-0.00146484  0.0546875 ]
 [ 0.00048828 -0.05859375]
 [-0.02880859  0.01757812]
 [-0.00146484  0.0546875 ]]","[[ 0.          0.        ]
 [ 0.00520833  0.01236979]
 [ 0.03645833 -0.03645833]
 [ 0.          0.        ]
 [ 0.          0.        ]
 [-0.01367188  0.06103516]
 [-0.01367188  0.06103516]
 [-0.04166667  0.02408854]
 [-0.05859375  0.06689453]
 [ 0.01757812 -0.06787109]
 [ 0.0546875  -0.06005859]
 [-0.05859375  0.06689453]
 [ 0.01757812 -0.06787109]
 [ 0.0546875  -0.06005859]]","[[ 0.          0.        ]
 [-0.05989583  0.01236979]
 [-0.00130208 -0.03645833]
 [ 0.          0.        ]
 [ 0.          0.        ]
 [ 0.02978516  0.06103516]
 [ 0.02978516  0.06103516]
 [ 0.06119792  0.02408854]
 [ 0.00048828  0.06689453]
 [-0.02880859 -0.06787109]
 [-0.00146484 -0.06005859]
 [ 0.00048828  0.06689453]
 [-0.02880859 -0.06787109]
 [-0.00146484 -0.06005859]]"
1,"[[-0.0586635   0.14467076]
 [-0.0586635   0.18763951]
 [-0.11725725  0.19154576]
 [-0.0586635   0.22474888]
 [-0.0586635   0.09193638]
 [-0.0586635   0.14076451]
 [-0.0586635   0.24232701]
 [-0.0586635   0.09974888]
 [-0.11530413  0.15053013]
 [-0.0586635   0.20326451]]","[[ 0.14467076 -0.41489955]
 [ 0.18763951 -0.4344308 ]
 [ 0.19154576 -0.4109933 ]
 [ 0.22474888 -0.50083705]
 [ 0.09193638 -0.44614955]
 [ 0.14076451 -0.43052455]
 [ 0.24232701 -0.38364955]
 [ 0.09974888 -0.39146205]
 [ 0.15053013 -0.35825893]
 [ 0.20326451 -0.31919643]]","[[-0.0586635  -0.41489955]
 [-0.0586635  -0.4344308 ]
 [-0.11725725 -0.4109933 ]
 [-0.0586635  -0.50083705]
 [-0.0586635  -0.44614955]
 [-0.0586635  -0.43052455]
 [-0.0586635  -0.38364955]
 [-0.0586635  -0.39146205]
 [-0.11530413 -0.35825893]
 [-0.0586635  -0.31919643]]"
