,xy,yz,xz
0,"[[ 0.0249566   0.04600694]
 [-0.04947917  0.04947917]
 [ 0.01302083  0.05143229]
 [ 0.01302083  0.09635417]
 [-0.06673177  0.00553385]
 [ 0.05045573  0.0485026 ]
 [ 0.04459635 -0.0452474 ]
 [ 0.0485026   0.0016276 ]
 [ 0.02690972  0.10264757]
 [-0.03363715  0.01280382]]","[[ 0.04600694  0.00759549]
 [ 0.04947917 -0.02115885]
 [ 0.05143229  0.08626302]
 [ 0.09635417  0.01204427]
 [ 0.00553385  0.00032552]
 [ 0.0485026   0.04329427]
 [-0.0452474  -0.01529948]
 [ 0.0016276   0.04134115]
 [ 0.10264757 -0.07834201]
 [ 0.01280382 -0.09396701]]","[[ 0.0249566   0.00759549]
 [-0.04947917 -0.02115885]
 [ 0.01302083  0.08626302]
 [ 0.01302083  0.01204427]
 [-0.06673177  0.00032552]
 [ 0.05045573  0.04329427]
 [ 0.04459635 -0.01529948]
 [ 0.0485026   0.04134115]
 [ 0.02690972 -0.07834201]
 [-0.03363715 -0.09396701]]"
